{"corr": 0.5982352941176471, "MAE": 1.0272549019607844, "RMSE": 1.1025490196078431, "NSE": 0.32901960784313733}