{"attrz": {"corr": 0.7203636363636364, "MAE": 1.1341818181818184, "RMSE": 1.346909090909091, "NSE": -0.05890909090909093}}