{"attrz": {"corr": 0.8496153846153847, "MAE": 0.8609615384615383, "RMSE": 1.0461538461538462, "NSE": 0.556923076923077}}