{"attrz": {"corr": 0.6228125, "MAE": 0.9240624999999999, "RMSE": 1.00625, "NSE": -15.7659375}}