{"corr": 0.5533333333333335, "MAE": 0.9788888888888889, "RMSE": 1.0852777777777778, "NSE": -3.023055555555556}