{"corr": 0.39235294117647057, "MAE": 1.5994117647058823, "RMSE": 1.7162745098039216, "NSE": -6.857450980392157}