{"attrz": {"corr": 0.7921052631578948, "MAE": 1.7715789473684211, "RMSE": 1.88, "NSE": -0.62140350877193}}